modifiedDB\e0/S010_001_00000001.png;0
modifiedDB\e0/S011_001_00000001.png;0
modifiedDB\e0/S014_001_00000001.png;0
modifiedDB\e0/S022_001_00000001.png;0
modifiedDB\e0/S026_001_00000001.png;0
modifiedDB\e0/S028_001_00000001.png;0
modifiedDB\e0/S029_001_00000001.png;0
modifiedDB\e0/S032_001_00000001.png;0
modifiedDB\e0/S034_001_00000001.png;0
modifiedDB\e0/S035_001_00000001.png;0
modifiedDB\e0/S037_001_00000001.png;0
modifiedDB\e0/S042_001_00000001.png;0
modifiedDB\e0/S044_001_00000001.png;0
modifiedDB\e0/S045_001_00000001.png;0
modifiedDB\e0/S046_001_00000001.png;0
modifiedDB\e0/S050_001_00000001.png;0
modifiedDB\e0/S051_001_00000001.png;0
modifiedDB\e0/S052_001_00000001.png;0
modifiedDB\e0/S054_001_00000001.png;0
modifiedDB\e0/S055_001_00000001.png;0
modifiedDB\e0/S056_001_00000001.png;0
modifiedDB\e0/S057_001_00000001.png;0
modifiedDB\e0/S058_001_00000001.png;0
modifiedDB\e0/S059_001_00000001.png;0
modifiedDB\e0/S060_001_00000001.png;0
modifiedDB\e0/S061_001_00000001.png;0
modifiedDB\e0/S062_001_00000001.png;0
modifiedDB\e0/S063_001_00000001.png;0
modifiedDB\e0/S064_001_00000001.png;0
modifiedDB\e0/S065_001_00000001.png;0
modifiedDB\e0/S066_001_00000001.png;0
modifiedDB\e0/S067_001_00000001.png;0
modifiedDB\e0/S068_001_00000001.png;0
modifiedDB\e0/S069_001_00000001.png;0
modifiedDB\e0/S070_001_00000001.png;0
modifiedDB\e0/S071_001_00000001.png;0
modifiedDB\e0/S072_001_00000001.png;0
modifiedDB\e0/S073_001_00000001.png;0
modifiedDB\e0/S074_001_00000001.png;0
modifiedDB\e0/S075_001_00000001.png;0
modifiedDB\e0/S076_001_00000001.png;0
modifiedDB\e0/S077_001_00000001.png;0
modifiedDB\e0/S078_001_00000001.png;0
modifiedDB\e0/S079_001_00000001.png;0
modifiedDB\e0/S080_001_00000001.png;0
modifiedDB\e0/S081_001_00000001.png;0
modifiedDB\e0/S082_001_00000001.png;0
modifiedDB\e0/S083_001_00000001.png;0
modifiedDB\e0/S085_001_00000001.png;0
modifiedDB\e0/S086_001_00000001.png;0
modifiedDB\e0/S087_001_00000001.png;0
modifiedDB\e0/S088_001_00000001.png;0
modifiedDB\e0/S089_001_00000001.png;0
modifiedDB\e0/S090_002_00000001.png;0
modifiedDB\e0/S091_001_00000001.png;0
modifiedDB\e0/S092_001_00000001.png;0
modifiedDB\e0/S093_001_00000001.png;0
modifiedDB\e0/S095_001_00000001.png;0
modifiedDB\e0/S096_001_00000001.png;0
modifiedDB\e0/S097_001_00000001.png;0
modifiedDB\e0/S098_001_00000001.png;0
modifiedDB\e0/S099_001_00000001.png;0
modifiedDB\e0/S100_001_00000001.png;0
modifiedDB\e0/S101_001_00000001.png;0
modifiedDB\e0/S102_001_00000001.png;0
modifiedDB\e0/S104_001_00000001.png;0
modifiedDB\e0/S105_001_00000001.png;0
modifiedDB\e0/S106_001_00000001.png;0
modifiedDB\e0/S107_001_00000001.png;0
modifiedDB\e0/S109_001_00000001.png;0
modifiedDB\e0/S110_001_00000001.png;0
modifiedDB\e0/S111_001_00000001.png;0
modifiedDB\e0/S112_001_00000001.png;0
modifiedDB\e0/S113_001_00000001.png;0
modifiedDB\e0/S114_001_00000001.png;0
modifiedDB\e0/S115_001_00000001.png;0
modifiedDB\e0/S116_001_00000001.png;0
modifiedDB\e0/S117_001_00000001.png;0
modifiedDB\e0/S118_001_00000001.png;0
modifiedDB\e0/S119_001_00000001.png;0
modifiedDB\e0/S120_001_00000001.png;0
modifiedDB\e0/S124_001_00000001.png;0
modifiedDB\e0/S125_001_00000001.png;0
modifiedDB\e0/S126_001_00000001.png;0
modifiedDB\e0/S127_001_00000001.png;0
modifiedDB\e0/S130_001_00000001.png;0
modifiedDB\e0/S131_001_00000001.png;0
modifiedDB\e0/S132_001_00000001.png;0
modifiedDB\e0/S133_001_00000001.png;0
modifiedDB\e0/S134_001_00000001.png;0
modifiedDB\e0/S135_001_00000001.png;0
modifiedDB\e0/S136_001_00000001.png;0
modifiedDB\e0/S137_001_00000001.png;0
modifiedDB\e0/S138_001_00000001.png;0
modifiedDB\e0/S139_002_00000001.png;0
modifiedDB\e0/S147_002_00000001.png;0
modifiedDB\e0/S148_002_00000001.png;0
modifiedDB\e0/S149_002_00000001.png;0
modifiedDB\e0/S151_002_00000001.png;0
modifiedDB\e0/S154_002_00000001.png;0
modifiedDB\e0/S155_002_00000001.png;0
modifiedDB\e0/S156_002_00000001.png;0
modifiedDB\e0/S157_002_00000001.png;0
modifiedDB\e0/S158_002_00000001.png;0
modifiedDB\e0/S160_006_00000001.png;0
modifiedDB\e0/S501_001_00000001.png;0
modifiedDB\e0/S502_001_00000001.png;0
modifiedDB\e0/S503_001_00000001.png;0
modifiedDB\e0/S504_001_00000001.png;0
modifiedDB\e0/S505_002_00000001.png;0
modifiedDB\e0/S895_002_00000001.png;0
modifiedDB\e0/S999_001_00000001.png;0
modifiedDB\e1/S010_004_00000019.png;1
modifiedDB\e1/S011_004_00000021.png;1
modifiedDB\e1/S014_003_00000030.png;1
modifiedDB\e1/S022_005_00000032.png;1
modifiedDB\e1/S026_003_00000015.png;1
modifiedDB\e1/S028_001_00000024.png;1
modifiedDB\e1/S029_001_00000019.png;1
modifiedDB\e1/S032_003_00000017.png;1
modifiedDB\e1/S034_003_00000027.png;1
modifiedDB\e1/S037_003_00000022.png;1
modifiedDB\e1/S042_004_00000020.png;1
modifiedDB\e1/S045_005_00000030.png;1
modifiedDB\e1/S050_004_00000021.png;1
modifiedDB\e1/S055_004_00000028.png;1
modifiedDB\e1/S058_005_00000010.png;1
modifiedDB\e1/S066_005_00000011.png;1
modifiedDB\e1/S067_004_00000023.png;1
modifiedDB\e1/S071_004_00000028.png;1
modifiedDB\e1/S072_005_00000019.png;1
modifiedDB\e1/S075_008_00000012.png;1
modifiedDB\e1/S082_005_00000017.png;1
modifiedDB\e1/S087_007_00000016.png;1
modifiedDB\e1/S089_003_00000036.png;1
modifiedDB\e1/S090_007_00000014.png;1
modifiedDB\e1/S092_003_00000014.png;1
modifiedDB\e1/S100_005_00000023.png;1
modifiedDB\e1/S109_003_00000017.png;1
modifiedDB\e1/S111_006_00000010.png;1
modifiedDB\e1/S112_005_00000017.png;1
modifiedDB\e1/S113_008_00000023.png;1
modifiedDB\e1/S117_006_00000010.png;1
modifiedDB\e1/S119_008_00000018.png;1
modifiedDB\e1/S126_008_00000029.png;1
modifiedDB\e1/S127_010_00000018.png;1
modifiedDB\e1/S129_006_00000010.png;1
modifiedDB\e1/S130_007_00000020.png;1
modifiedDB\e1/S133_003_00000047.png;1
modifiedDB\e1/S134_003_00000011.png;1
modifiedDB\e1/S136_005_00000010.png;1
modifiedDB\e1/S501_001_00000067.png;1
modifiedDB\e1/S502_001_00000016.png;1
modifiedDB\e1/S503_001_00000071.png;1
modifiedDB\e1/S504_001_00000022.png;1
modifiedDB\e1/S506_001_00000040.png;1
modifiedDB\e1/S999_001_00000018.png;1
modifiedDB\e2/S138_008_00000009.png;2
modifiedDB\e2/S139_002_00000013.png;2
modifiedDB\e2/S147_002_00000013.png;2
modifiedDB\e2/S148_002_00000015.png;2
modifiedDB\e2/S149_002_00000013.png;2
modifiedDB\e2/S151_002_00000029.png;2
modifiedDB\e2/S154_002_00000013.png;2
modifiedDB\e2/S155_002_00000012.png;2
modifiedDB\e2/S156_002_00000021.png;2
modifiedDB\e2/S157_002_00000011.png;2
modifiedDB\e2/S158_002_00000011.png;2
modifiedDB\e2/S160_006_00000010.png;2
modifiedDB\e2/S502_002_00000009.png;2
modifiedDB\e2/S503_002_00000008.png;2
modifiedDB\e2/S504_002_00000009.png;2
modifiedDB\e2/S505_002_00000021.png;2
modifiedDB\e2/S506_002_00000009.png;2
modifiedDB\e2/S895_002_00000007.png;2
modifiedDB\e3/S005_001_00000011.png;3
modifiedDB\e3/S011_005_00000020.png;3
modifiedDB\e3/S022_006_00000017.png;3
modifiedDB\e3/S032_005_00000016.png;3
modifiedDB\e3/S035_005_00000019.png;3
modifiedDB\e3/S044_006_00000019.png;3
modifiedDB\e3/S045_004_00000015.png;3
modifiedDB\e3/S046_004_00000017.png;3
modifiedDB\e3/S051_003_00000018.png;3
modifiedDB\e3/S052_006_00000013.png;3
modifiedDB\e3/S054_004_00000024.png;3
modifiedDB\e3/S055_003_00000009.png;3
modifiedDB\e3/S056_002_00000010.png;3
modifiedDB\e3/S057_003_00000015.png;3
modifiedDB\e3/S058_006_00000018.png;3
modifiedDB\e3/S060_005_00000021.png;3
modifiedDB\e3/S061_004_00000022.png;3
modifiedDB\e3/S062_005_00000029.png;3
modifiedDB\e3/S065_005_00000008.png;3
modifiedDB\e3/S067_006_00000011.png;3
modifiedDB\e3/S068_005_00000021.png;3
modifiedDB\e3/S069_003_00000011.png;3
modifiedDB\e3/S070_005_00000016.png;3
modifiedDB\e3/S071_006_00000014.png;3
modifiedDB\e3/S073_006_00000014.png;3
modifiedDB\e3/S074_004_00000018.png;3
modifiedDB\e3/S075_005_00000012.png;3
modifiedDB\e3/S076_005_00000012.png;3
modifiedDB\e3/S077_006_00000014.png;3
modifiedDB\e3/S078_007_00000013.png;3
modifiedDB\e3/S079_002_00000012.png;3
modifiedDB\e3/S080_008_00000009.png;3
modifiedDB\e3/S081_008_00000011.png;3
modifiedDB\e3/S082_007_00000010.png;3
modifiedDB\e3/S085_004_00000017.png;3
modifiedDB\e3/S087_004_00000012.png;3
modifiedDB\e3/S088_004_00000020.png;3
modifiedDB\e3/S090_006_00000011.png;3
modifiedDB\e3/S095_006_00000013.png;3
modifiedDB\e3/S096_003_00000012.png;3
modifiedDB\e3/S097_004_00000030.png;3
modifiedDB\e3/S098_003_00000013.png;3
modifiedDB\e3/S099_007_00000012.png;3
modifiedDB\e3/S102_009_00000015.png;3
modifiedDB\e3/S105_008_00000010.png;3
modifiedDB\e3/S106_004_00000008.png;3
modifiedDB\e3/S107_005_00000011.png;3
modifiedDB\e3/S108_006_00000020.png;3
modifiedDB\e3/S109_005_00000014.png;3
modifiedDB\e3/S111_007_00000014.png;3
modifiedDB\e3/S116_006_00000007.png;3
modifiedDB\e3/S124_006_00000011.png;3
modifiedDB\e3/S125_008_00000010.png;3
modifiedDB\e3/S128_004_00000013.png;3
modifiedDB\e3/S129_011_00000018.png;3
modifiedDB\e3/S130_012_00000011.png;3
modifiedDB\e3/S131_010_00000018.png;3
modifiedDB\e3/S132_005_00000016.png;3
modifiedDB\e3/S134_008_00000013.png;3
modifiedDB\e4/S011_003_00000014.png;4
modifiedDB\e4/S032_004_00000014.png;4
modifiedDB\e4/S046_003_00000016.png;4
modifiedDB\e4/S050_001_00000017.png;4
modifiedDB\e4/S054_002_00000015.png;4
modifiedDB\e4/S055_006_00000008.png;4
modifiedDB\e4/S059_002_00000017.png;4
modifiedDB\e4/S062_001_00000017.png;4
modifiedDB\e4/S065_002_00000022.png;4
modifiedDB\e4/S068_004_00000010.png;4
modifiedDB\e4/S074_001_00000020.png;4
modifiedDB\e4/S084_002_00000023.png;4
modifiedDB\e4/S091_001_00000015.png;4
modifiedDB\e4/S102_003_00000016.png;4
modifiedDB\e4/S117_003_00000014.png;4
modifiedDB\e4/S119_003_00000024.png;4
modifiedDB\e4/S124_003_00000011.png;4
modifiedDB\e4/S125_006_00000022.png;4
modifiedDB\e4/S132_003_00000023.png;4
modifiedDB\e4/S138_001_00000012.png;4
modifiedDB\e4/S501_004_00000056.png;4
modifiedDB\e4/S502_004_00000052.png;4
modifiedDB\e4/S504_004_00000015.png;4
modifiedDB\e4/S506_004_00000038.png;4
modifiedDB\e4/S999_003_00000055.png;4
modifiedDB\e5/S010_006_00000015.png;5
modifiedDB\e5/S011_006_00000013.png;5
modifiedDB\e5/S014_005_00000017.png;5
modifiedDB\e5/S026_006_00000013.png;5
modifiedDB\e5/S032_006_00000016.png;5
modifiedDB\e5/S034_005_00000010.png;5
modifiedDB\e5/S035_006_00000018.png;5
modifiedDB\e5/S037_006_00000021.png;5
modifiedDB\e5/S042_006_00000017.png;5
modifiedDB\e5/S044_003_00000014.png;5
modifiedDB\e5/S050_006_00000023.png;5
modifiedDB\e5/S052_004_00000033.png;5
modifiedDB\e5/S053_004_00000024.png;5
modifiedDB\e5/S055_005_00000045.png;5
modifiedDB\e5/S056_004_00000020.png;5
modifiedDB\e5/S057_006_00000033.png;5
modifiedDB\e5/S060_002_00000026.png;5
modifiedDB\e5/S061_002_00000015.png;5
modifiedDB\e5/S062_004_00000024.png;5
modifiedDB\e5/S063_002_00000023.png;5
modifiedDB\e5/S064_003_00000025.png;5
modifiedDB\e5/S065_004_00000028.png;5
modifiedDB\e5/S066_003_00000012.png;5
modifiedDB\e5/S067_005_00000022.png;5
modifiedDB\e5/S068_002_00000015.png;5
modifiedDB\e5/S069_004_00000017.png;5
modifiedDB\e5/S070_003_00000017.png;5
modifiedDB\e5/S071_005_00000021.png;5
modifiedDB\e5/S072_006_00000022.png;5
modifiedDB\e5/S074_005_00000043.png;5
modifiedDB\e5/S075_006_00000025.png;5
modifiedDB\e5/S076_006_00000019.png;5
modifiedDB\e5/S078_004_00000027.png;5
modifiedDB\e5/S079_004_00000026.png;5
modifiedDB\e5/S083_003_00000019.png;5
modifiedDB\e5/S085_002_00000014.png;5
modifiedDB\e5/S086_002_00000015.png;5
modifiedDB\e5/S087_005_00000012.png;5
modifiedDB\e5/S089_002_00000021.png;5
modifiedDB\e5/S091_003_00000021.png;5
modifiedDB\e5/S092_004_00000024.png;5
modifiedDB\e5/S093_004_00000016.png;5
modifiedDB\e5/S094_004_00000012.png;5
modifiedDB\e5/S095_007_00000021.png;5
modifiedDB\e5/S096_004_00000011.png;5
modifiedDB\e5/S097_006_00000019.png;5
modifiedDB\e5/S098_004_00000015.png;5
modifiedDB\e5/S099_004_00000015.png;5
modifiedDB\e5/S100_006_00000016.png;5
modifiedDB\e5/S106_006_00000011.png;5
modifiedDB\e5/S108_008_00000013.png;5
modifiedDB\e5/S109_006_00000015.png;5
modifiedDB\e5/S114_006_00000023.png;5
modifiedDB\e5/S115_008_00000017.png;5
modifiedDB\e5/S116_007_00000017.png;5
modifiedDB\e5/S124_007_00000024.png;5
modifiedDB\e5/S125_005_00000013.png;5
modifiedDB\e5/S127_004_00000016.png;5
modifiedDB\e5/S128_011_00000016.png;5
modifiedDB\e5/S129_012_00000011.png;5
modifiedDB\e5/S130_013_00000015.png;5
modifiedDB\e5/S131_006_00000022.png;5
modifiedDB\e5/S132_006_00000023.png;5
modifiedDB\e5/S133_010_00000014.png;5
modifiedDB\e5/S134_004_00000015.png;5
modifiedDB\e5/S135_012_00000020.png;5
modifiedDB\e5/S136_006_00000020.png;5
modifiedDB\e5/S137_011_00000020.png;5
modifiedDB\e5/S138_005_00000016.png;5
modifiedDB\e6/S011_002_00000022.png;6
modifiedDB\e6/S014_002_00000016.png;6
modifiedDB\e6/S026_002_00000016.png;6
modifiedDB\e6/S042_002_00000016.png;6
modifiedDB\e6/S046_001_00000025.png;6
modifiedDB\e6/S064_004_00000014.png;6
modifiedDB\e6/S066_004_00000010.png;6
modifiedDB\e6/S071_002_00000020.png;6
modifiedDB\e6/S080_005_00000013.png;6
modifiedDB\e6/S081_002_00000024.png;6
modifiedDB\e6/S093_001_00000020.png;6
modifiedDB\e6/S095_010_00000014.png;6
modifiedDB\e6/S106_002_00000016.png;6
modifiedDB\e6/S108_005_00000022.png;6
modifiedDB\e6/S113_003_00000015.png;6
modifiedDB\e6/S115_004_00000017.png;6
modifiedDB\e6/S125_001_00000014.png;6
modifiedDB\e6/S130_009_00000019.png;6
modifiedDB\e6/S131_003_00000024.png;6
modifiedDB\e6/S132_002_00000018.png;6
modifiedDB\e6/S136_003_00000014.png;6
modifiedDB\e6/S137_005_00000027.png;6
modifiedDB\e6/S138_007_00000011.png;6
modifiedDB\e6/S501_006_00000041.png;6
modifiedDB\e6/S503_006_00000020.png;6
modifiedDB\e6/S504_006_00000018.png;6
modifiedDB\e6/S505_006_00000019.png;6
modifiedDB\e6/S506_006_00000042.png;6
modifiedDB\e7/S010_002_00000014.png;7
modifiedDB\e7/S011_001_00000016.png;7
modifiedDB\e7/S014_001_00000029.png;7
modifiedDB\e7/S022_001_00000030.png;7
modifiedDB\e7/S026_001_00000015.png;7
modifiedDB\e7/S032_001_00000022.png;7
modifiedDB\e7/S034_001_00000029.png;7
modifiedDB\e7/S035_001_00000015.png;7
modifiedDB\e7/S037_001_00000020.png;7
modifiedDB\e7/S042_001_00000019.png;7
modifiedDB\e7/S044_001_00000024.png;7
modifiedDB\e7/S046_002_00000006.png;7
modifiedDB\e7/S050_002_00000018.png;7
modifiedDB\e7/S051_002_00000019.png;7
modifiedDB\e7/S052_001_00000015.png;7
modifiedDB\e7/S053_001_00000023.png;7
modifiedDB\e7/S054_003_00000007.png;7
modifiedDB\e7/S055_001_00000012.png;7
modifiedDB\e7/S056_003_00000010.png;7
modifiedDB\e7/S057_001_00000019.png;7
modifiedDB\e7/S058_001_00000020.png;7
modifiedDB\e7/S059_001_00000018.png;7
modifiedDB\e7/S060_003_00000018.png;7
modifiedDB\e7/S061_001_00000012.png;7
modifiedDB\e7/S062_002_00000016.png;7
modifiedDB\e7/S063_001_00000013.png;7
modifiedDB\e7/S064_001_00000012.png;7
modifiedDB\e7/S065_003_00000022.png;7
modifiedDB\e7/S066_002_00000022.png;7
modifiedDB\e7/S067_002_00000014.png;7
modifiedDB\e7/S068_003_00000014.png;7
modifiedDB\e7/S069_002_00000014.png;7
modifiedDB\e7/S070_002_00000016.png;7
modifiedDB\e7/S071_001_00000013.png;7
modifiedDB\e7/S073_001_00000013.png;7
modifiedDB\e7/S074_002_00000016.png;7
modifiedDB\e7/S075_002_00000014.png;7
modifiedDB\e7/S076_001_00000017.png;7
modifiedDB\e7/S077_001_00000028.png;7
modifiedDB\e7/S078_001_00000033.png;7
modifiedDB\e7/S079_001_00000012.png;7
modifiedDB\e7/S080_001_00000018.png;7
modifiedDB\e7/S081_001_00000019.png;7
modifiedDB\e7/S082_001_00000015.png;7
modifiedDB\e7/S084_001_00000010.png;7
modifiedDB\e7/S085_003_00000013.png;7
modifiedDB\e7/S086_001_00000019.png;7
modifiedDB\e7/S087_001_00000011.png;7
modifiedDB\e7/S088_001_00000017.png;7
modifiedDB\e7/S089_001_00000016.png;7
modifiedDB\e7/S090_002_00000011.png;7
modifiedDB\e7/S092_001_00000017.png;7
modifiedDB\e7/S094_001_00000010.png;7
modifiedDB\e7/S095_001_00000016.png;7
modifiedDB\e7/S096_001_00000007.png;7
modifiedDB\e7/S097_001_00000021.png;7
modifiedDB\e7/S099_001_00000014.png;7
modifiedDB\e7/S100_002_00000015.png;7
modifiedDB\e7/S101_002_00000019.png;7
modifiedDB\e7/S102_002_00000018.png;7
modifiedDB\e7/S107_001_00000010.png;7
modifiedDB\e7/S110_001_00000013.png;7
modifiedDB\e7/S111_001_00000014.png;7
modifiedDB\e7/S113_001_00000012.png;7
modifiedDB\e7/S114_001_00000018.png;7
modifiedDB\e7/S115_001_00000008.png;7
modifiedDB\e7/S116_001_00000014.png;7
modifiedDB\e7/S117_001_00000014.png;7
modifiedDB\e7/S119_001_00000011.png;7
modifiedDB\e7/S122_001_00000012.png;7
modifiedDB\e7/S124_001_00000014.png;7
modifiedDB\e7/S125_007_00000009.png;7
modifiedDB\e7/S126_004_00000012.png;7
modifiedDB\e7/S127_001_00000017.png;7
modifiedDB\e7/S129_002_00000011.png;7
modifiedDB\e7/S130_001_00000018.png;7
modifiedDB\e7/S131_001_00000016.png;7
modifiedDB\e7/S132_008_00000010.png;7
modifiedDB\e7/S133_009_00000006.png;7
modifiedDB\e7/S135_001_00000039.png;7
modifiedDB\e7/S136_001_00000019.png;7
modifiedDB\e7/S137_001_00000014.png;7
modifiedDB\e7/S138_004_00000013.png;7
